Mot,Frequence
France,477
Politique,355
Humour,228
Médias,211
Rédaction E&R,186
Communautés,157
International,152
Zéon,142
Histoire,135
Judaïsme,134
Israël,130
Sionisme,123
États-Unis,120
Société,96
Justice & Droit,87
Social,65
Économie,62
Manuel Valls,62
François Hollande,56
Culture,54
Immigration,54
Seconde Guerre mondiale,54
Islam,52
Russie,52
Religion,50
Palestine,47
Dieudonné,45
LRPS,45
Géopolitique,44
Allemagne,40
Alain Soral,39
Mondialisme,39
Union européenne,39
Front national,37
Syrie,36
Félix Niesche,35
Désinformation,34
Liberté d’expression,33
Attentats de Paris (janv. 2015),32
Marine Le Pen,32
Extrême gauche,31
Internet,31
Terrorisme,31
Nationalisme,30
Attentats Paris,29
Antiracisme,27
Féminisme,27
Gilad Atzmon,27
Christianisme,26
Cinéma,26
Éducation,26
Laurent Guyénot,26
Sexualité,25
Défense,24
Daech,23
Emmanuel Macron,23
Banques,22
Damien Viguier,22
Forces de l’ordre,22
Ukraine,22
Royaume-Uni,21
Santé,21
Vladimir Poutine,21
BHL,20
Philosophie,20
Tradition,20
Mélenchon,19
People,19
Presse,19
Persécutions !,18
911,16
Science,16
Pédocriminalité,15
Théorie du genre,15
Sport,14
Sociologie,13
Suisse,13
Irak,12
Opinions,12
Renseignement,12
Agriculture,11
Antifa,11
Donald Trump,11
Futur,11
Iran,11
Turquie,11
Climat,10
Écologie,10
Éric Zemmour,10
François Fillon,10
JMLP,10
Mariage homosexuel,10
Nicolas Sarkozy,10
Première Guerre mondiale,10
Dimitri Korias,9
Énergie,9
Hacène Arezki,9
OTAN,9
Arabie saoudite,8
Chine,8
Ex-Urss,8
George Soros,8
Ian Purdom,8
Laïcité,8
Libéralisme,8
Quenelle,8
Syndicats,8
Venezuela,8
Caroline Fourest,7
Insolite,7
Italie,7
PMA/GPA,7
Services publics,7
Alex G. ,6
Algérie,6
Barack Obama,6
Égypte,6
État d’urgence ,6
Franc-maçonnerie,6
Léon Saint-Quay,6
N.W.O.,6
René Perriot,6
Délinquance ,5
G. B.,5
Grèce,5
Mai 68,5
Najat Vallaud-Belkacem,5
Nicolas Maduro,5
Pologne,5
Robert Faurisson,5
Afghanistan,4
Afrique,4
Bachar al-Assad,4
Esclavage,4
Espagne,4
Hugo Chávez,4
Libye,4
Louis Alexandre,4
Romain R.,4
Traité transatlantique,4
Alain de Benoist,3
Alexandre Latsa,3
Amérique latine,3
Attentat de Bruxelles (mai 2014),3
Attentat de Nice (juill. 2016),3
Avortement,3
Banlieues,3
Bernamej,3
Centrafrique,3
Charles de Gaulle,3
Corruption,3
Faits & Documents,3
Ingénierie sociale,3
Lucien Cerise,3
ONU,3
Rédaction E&R – Section Santé,3
Sécurité,3
Adrien Sajous,2
Alain Juppé,2
Alimuddin Usmani,2
Argentine,2
Belgique,2
Bruno Gollnisch,2
Burkina Faso,2
Chili,2
Colonisation,2
Corée du Nord,2
Cuba,2
Cyberguerre,2
Edwy Plenel,2
Florian Philippot,2
Géorgie,2
Irlande,2
Jacob Cohen,2
Jeux vidéo,2
Kosovo,2
Liban,2
Ludovic S.,2
Max Lévy,2
Multinationales,2
Paul-Éric Blanrue,2
Pierre de Brague,2
Qatar,2
Réconciliation nationale (parti),2
Thierry Meyssan,2
V. Reynouard,2
Viêt Nam,2
Youssef Hindi,2
Affaire Bourarach,1
Alain Escada,1
Alimentation,1
Anne Lucken,1
Antarctique,1
Arctique,1
Autriche,1
Axel K.,1
Ayssar Midani,1
Benoît A.,1
Bertrand Delanoë,1
Biélorussie,1
Bilderberg,1
Bosnie-Herzégovine,1
Bruno Guigue,1
Canada,1
Céline,1
Christiane Taubira,1
Club Le Siècle,1
Consommation,1
Corée du Sud,1
Croatie,1
D. H. ,1
Danemark,1
Daniel Kalenga,1
Diego Fusaro,1
Drogue,1
DSK,1
Éric Naulleau,1
Ezio A.,1
Fidel Castro,1
Flavien O. ,1
FMI,1
Gabon,1
Gilles Clavreul,1
Giulietto Chiesa,1
Groenland,1
Hamas,1
Handicap,1
Inde,1
J. M. ,1
Japon,1
Jean Bricmont,1
Jean C.,1
Jean-Loup Izambert,1
Jérôme Halzan,1
Jure George Vujic,1
Karl Peyrade,1
Kevin Barrett,1
Mali,1
Manlio Dinucci,1
Marion Maréchal-Le Pen,1
Marion Sigaut,1
Maroc,1
Nicaragua,1
Nicolas Bourgoin,1
ONG,1
Pakistan,1
Panama,1
Pape François,1
Péria,1
Philippe de Villiers,1
Philippe Prévost,1
Portugal,1
Proche-Orient,1
Recep Tayyip Erdogan,1
République tchèque,1
Revue Rébellion,1
Roman Halauniov,1
Roumanie,1
Rwanda,1
Serbie,1
Sheikh Imran Hosein,1
Soudan,1
Tariq Ramadan,1
Thomas Sankara,1
Transhumanisme,1
Tunisie,1
Vatican,1
Vincent Lapierre,1
Yannick Jaffré,1
